{"count":1,"gauges":{"RollerBall.CumulativeReward":{"count":11161,"max":1,"min":-0.4,"value":1,"weightedAverage":0.9999999}},"self":748.2086912,"total":1091.420492,"children":{"AgentSendState":{"count":749584,"self":5.656454,"total":7.863605,"children":{"CollectObservations":{"count":74959,"self":0.35992999999999997,"total":0.35992999999999997,"children":null},"CollectDiscreteActionMasks":{"count":74959,"self":0.132708,"total":0.132708,"children":null},"AgentInfo.ToProto":{"count":74959,"self":0.671311,"total":1.714513,"children":{"GenerateSensorData":{"count":74959,"self":1.043202,"total":1.043202,"children":null}}}}},"DecideAction":{"count":749584,"self":330.319488,"total":330.319481,"children":null},"AgentAct":{"count":749584,"self":4.736556,"total":5.0277709999999995,"children":{"AgentInfo.ToProto":{"count":11161,"self":0.102811,"total":0.291215,"children":{"GenerateSensorData":{"count":11161,"self":0.188404,"total":0.188404,"children":null}}}}}}}